price_to_median_views_ratio,trend_momentum,extra_column,timestamp,usage_of_low_quality_products,negative_sentiment_rate,authenticity,comment_sentiment,hashtag_strategy,creator_id,past_collaborations_success,price_to_engagement_ratio,daily_profile_views,content_diversity_score,strongest_engagement_growth_post_upload,brand_risk_score,follower_count,video_quality,engagement_velocity,creator_price,trend_resonance,hook_retention_rate,upload_consistency,trend_personalization
0.014,0.332,,2025-07-20T14:38:03.690036,0.106,,0.848,0.731,0.657,54c845c9-e0a1-4c1f-a498-3b5f1c966383,0.767,0.239,9377.11,0.0.0,0.526,0.336,21370.58,0.441,0.739,958.712,0.372,0.0.0,0.855,0.995
0.237,0.856,,2025-07-20T14:38:03.690453,0.158,0,0.568,0.984,0.885,25c4ef1e-7cbf-4a69-956b-ffff60a1edd5,0.303,0.023,0.0.0,0.938,0.406,0.469,167425.467,0.799,0.921,3191.074,0.0.0,0.3,0.523,0.66
NaN,0.794,unexpected,2025-07-20T14:38:03.690771,0.15,0.069,0.815,0.884,0.313,8d671101-5462-42fa-9652-3b01351ae912,0.669,0.098,11242.466,0.795,0.628,,279727.224,0.627,0.152,?,0.703,0.809,0.0.0,0.71
0.158,0.511,,2025-07-20T14:38:03.690980,,0.128,0.644,0.838,,7ef7d968-0779-44aa-9019-409de5cfcae9,?,0.094,13097.707,0.724,0.572,0.045,837581.253,0.475,0.708,2190.315,,0.907,0.701,0.792
,0.633,,2025-07-20T14:38:03.691246,0.101,0.079,0.741,0.637,0.522,a98043a6-757e-4d8e-84cd-eb69677402a5,0.683,?,16348.51,0.65,0.898,0.396,783546.566,,0.0.0,?,0.681,0.26,0.854,0.449
0.187,0.6,,2025-07-20T14:38:03.691479,NaN,0.295,0.558,?,,b7945511-7688-442e-8795-99b90ed33e15,,0.29,,0.905,0.622,0.459,139396.172,0.419,0.717,1116.105,0.549,0.335,0.919,0.595
0.094,0.233,,2025-07-20T14:38:03.691772,0.004,0.146,0.871,NaN,0.249,bf935ec7-d76a-459d-bb79-6d1617c1d1af,0.483,0.051,1366.406,0.462,0.244,0.305,964904.12,0.843,,4750.762,0.601,,0.784,0.672
0.015,0.876,,2025-07-20T14:38:03.692034,,0.115,0.802,,,485fcadd-a716-48a2-a1d0-833af92f5535,0.307,?,938.986,0.822,0.918,0.177,289734.864,0.974,0.563,748.731,0.473,0.402,0.931,0.882
?,0.759,,2025-07-20T14:38:03.692256,0.065,0.004,0.952,0.841,0.942,d7ad4bdf-ef7c-448e-968d-8b79fc1e241c,0.815,0.0.0,16725.953,0.794,0.32,0.453,915027.884,0.464,0.453,1650.3,0.622,0.263,0.967,0.0.0
0.158,0.636,,2025-07-20T14:38:03.692431,0.065,0.167,0.683,0.742,0.51,97aa9797-2f3f-43bb-ba1b-70a6e2a3a2b2,0.0.0,0.129,4532.323,0.441,0.822,0.0.0,467998.117,0.64,0.522,2322.253,0.279,0.817,0.885,
0.13,0.565,,2025-07-20T14:38:03.692692,0.081,0.127,0.805,0.444,0.719,9791c974-f052-4167-8ed1-58407d9c7e86,0.31,0.285,4553.576,0.704,0.896,0.325,685592.119,0.859,,?,0.73,0.576,0.696,0.345
0.278,0.0.0,,2025-07-20T14:38:03.692975,0.089,0.262,0.934,0.478,0.209,c8990055-a1cd-454f-aecc-6662ef91fd4a,,0.264,10048.97,0.997,0.288,0.328,337531.995,0.782,0.511,1787.227,0.78,,0.374,0.9
0.109,0.26,,2025-07-20T14:38:03.693210,0.133,0.0.0,0.667,0.732,0.613,6c08497b-24cc-4143-b6dc-1de429fb9ca0,0.314,0.125,14060.863,0.338,0.145,0.057,531229.886,0.783,0.945,983.325,0.743,0.582,0.36,0.678
,0.217,,2025-07-20T14:38:03.693424,0.084,0.23,0.627,0.683,0.437,ea7fabd0-4102-4eed-86b2-5905391c1411,,0.064,2214.745,0.933,0.235,0.284,743511.515,0.704,0.956,?,0.563,0.182,,0.653
0.119,0.48,,2025-07-20T14:38:03.693605,0.197,0.254,0.63,0.441,0.754,77b24328-1b84-4c56-8279-088c5798a433,0.974,0.056,,0.861,0.834,,740399.836,0.406,0.557,NaN,0.719,0.467,0.665,?
0.087,0.712,,2025-07-20T14:38:03.693926,,0.198,0.741,0.489,0.229,262abdcd-5621-47f3-b818-bd56b9d8f3cb,NaN,0.017,14326.014,0.35,NaN,0.077,41759.791,0.0.0,0.156,2363.609,0.469,0.449,0.425,0.826
0.13,?,,2025-07-20T14:38:03.694173,0.05,0.006,0.973,0.0.0,0.254,cd84cb50-cf4b-4687-8922-06db5018d0ff,0.835,0.222,11544.273,0.562,0.716,0.209,421111.163,0.554,0.383,249.005,0.411,0.934,0.443,0.912
0.129,0.525,,2025-07-20T14:38:03.694427,0.129,0.151,0.509,0.611,0.273,2ae36e69-28d6-4908-ad14-6b25ad4139b0,0.831,0.272,11262.347,0.372,0.399,0.427,635858.066,0.981,0.73,703.082,0.499,NaN,0.857,?
0.108,0.835,,2025-07-20T14:38:03.694634,0.062,0.038,0.963,0.447,0.802,bfdd9767-22e9-4743-bd36-10f156c7d966,0.999,0.061,11378.753,0.335,0.0.0,0.279,968946.597,0.998,0.981,1202.063,0.218,0.211,0.518,NaN
0.206,0.406,,2025-07-20T14:38:03.694831,0.105,0.011,0.773,0.0.0,0.9,84446618-f396-4ee3-a396-801ade40633c,,0.03,3035.804,0.498,0.979,0.064,939777.444,0.572,0.373,4016.582,0.265,0.743,0.95,0.454
0.269,0.766,,2025-07-20T14:38:03.695105,0.037,0.216,0.501,0.588,0.764,a3426bca-8b94-48e1-8c7c-ed677084fcf3,0.576,0.115,8980.005,0.519,0.656,0.334,387022.314,0.44,0.758,NaN,0.399,0.347,0.715,0.897
0.057,0.725,,2025-07-20T14:38:03.695329,0.134,0.098,0.923,?,0.633,8b18b5e6-eada-4cb0-aa7b-1bf360830550,0.814,0.255,8018.021,0.588,,0.421,,0.916,0.594,4967.385,0.775,0.957,0.718,0.333
0.025,0.294,,2025-07-20T14:38:03.695599,0.014,0.0.0,0.517,0.78,0.239,e406d89e-4f9c-4bf1-b823-9e71c611b320,0.608,0.123,10925.081,0.876,0.746,0.244,,0.813,0.939,4399.187,0.423,0.582,0.721,0.972
NaN,0.705,unexpected,2025-07-20T14:38:03.695764,0.039,0.172,NaN,0.968,,43ffbf0c-7a13-4398-8c00-6250a2b50ae2,0.429,0.158,6990.867,0.995,0.406,NaN,0.0.0,0.532,,4501.525,0.563,NaN,0.488,
0.051,0.813,,2025-07-20T14:38:03.695961,0.04,0.138,,0.669,0.699,a2fe4938-38e3-4f93-ad1e-eff1df9ca05e,0.388,,2672.144,0.595,0.477,0.152,306898.103,,0.603,2318.216,0.5,0.926,0.647,0.613
0.012,0.464,,2025-07-20T14:38:03.696186,0.032,0.0.0,0.746,0.65,0.991,00311047-4aea-4c19-ae7e-a08039441b24,0.637,NaN,7982.568,0.566,0.344,0.148,77268.449,0.599,0.49,1235.469,0.518,0.332,0.709,0.811
0.143,0.303,,2025-07-20T14:38:03.696366,0.02,0.145,0.816,0.643,NaN,bbb760d6-5e63-4969-adb3-c3b85e5aa8c5,0.705,0.123,4402.968,0.885,0.59,0.023,299032.53,0.665,0.43,499.146,0.7,0.891,0.565,0.967
0.09,0.658,,2025-07-20T14:38:03.696608,0.04,0.173,0.962,0.0.0,0.295,feebb52c-4a98-497c-af21-29ba46eade95,0.392,0.197,10991.679,0.546,0.572,0.131,937238.2,0.873,0.496,3948.106,0.989,0.883,0.336,0.345
0.271,0.376,,2025-07-20T14:38:03.696811,0.068,0.214,0.622,0.877,0.704,bf3dab3c-360f-4236-9ca4-9471952d5be2,?,0.03,,0.691,0.109,0.011,947684.614,0.856,0.477,3247.525,0.397,0.216,0.987,?
0.141,0.26,,2025-07-20T14:38:03.697112,?,0.271,0.575,0.61,0.712,9e6096bf-d0b7-42e4-9b7f-75bebe371200,0.54,,7437.53,0.503,0.821,0.272,818468.692,0.745,0.0.0,2599.901,,0.674,0.374,0.411
NaN,0.635,,2025-07-20T14:38:03.697435,,0.177,0.644,0.567,?,517e3398-7196-4fd6-85d1-f20211931d09,0.804,0.149,14227.101,0.502,0.614,0.078,790699.356,,0.818,,0.991,0.621,0.72,0.901
0.123,?,,2025-07-20T14:38:03.697660,?,0.295,?,0.713,0.266,74b91d4e-b531-4439-b204-4969540d7eee,,,4494.48,0.408,0.232,0.173,525448.858,0.675,0.278,487.643,0.288,?,0.39,0.83
0.15,0.559,,2025-07-20T14:38:03.697880,,0.203,,0.582,0.447,4b0f0d7a-4321-4bda-822d-a2fc14f5cc66,0.576,0.04,16261.9,,0.132,0.463,530116.487,0.517,0.697,3064.133,0.86,0.414,0.683,0.651
,,,2025-07-20T14:38:03.698069,0.124,0.079,0.884,0.744,0.904,61cf44b0-5525-411f-8501-46b77a562ed4,0.717,0.121,16854.521,0.851,0.211,0.032,249359.81,0.582,?,3758.271,0.405,0.16,0.94,0.64
0.079,,,2025-07-20T14:38:03.698282,0.161,?,0.72,NaN,,9d15e1c7-898d-4239-84d0-c40100418bf5,0.706,0.091,14487.537,0.966,0.368,0.168,238593.631,0.482,?,4312.908,0.929,0.319,0.433,0.896
0.189,0.437,,2025-07-20T14:38:03.698536,0.18,0.267,0.82,0.9,?,01d30d8a-d9e4-4c81-958d-319f63e8b730,0.342,0.111,1579.5,0.412,0.909,0.302,690158.538,0.659,0.679,2768.424,0.899,0.138,0.421,0.523
0.057,0.287,,2025-07-20T14:38:03.698739,NaN,?,0.705,0.906,0.315,258eef1d-b87f-4c68-bd31-7cf57049eda6,?,0.012,18302.617,0.589,NaN,0.279,104578.82,0.932,,3776.411,0.93,0.261,0.96,0.323
0.026,0.592,,2025-07-20T14:38:03.699013,0.0.0,NaN,0.95,0.844,?,96f72b0a-aaba-4832-87c9-dd971a7d6895,0.431,0.199,9991.306,0.879,0.0.0,,479159.819,,0.354,1371.095,0.862,0.337,0.465,NaN
0.119,0.698,,2025-07-20T14:38:03.699336,,0.232,0.981,0.797,0.257,31859246-5b80-488e-a771-3bd7c1d68c6c,0.74,0.052,7856.721,0.526,0.709,0.126,494890.929,0.461,0.414,4037.233,0.331,NaN,0.94,0.573
0.282,0.342,,2025-07-20T14:38:03.699578,0.162,0.144,0.512,0.548,0.67,72f7986e-d51c-4467-a8fb-ad19342a0c51,0.453,0.286,1568.969,0.564,0.624,0.29,461434.419,0.98,0.261,1772.526,,0.838,0.786,?
0.287,0.955,,2025-07-20T14:38:03.699761,0.0.0,0.179,0.962,0.582,0.792,b125a889-653c-409e-8db6-09350ac586ee,0.581,0.169,8136.599,0.523,0.0.0,0.008,480705.746,0.941,0.772,4782.965,NaN,0.392,,0.982
0.16,0.655,,2025-07-20T14:38:03.700034,0.092,NaN,0.851,0.479,0.973,f4d3ce25-a3f0-419c-8207-708d084c1be5,0.635,0.234,2544.544,0.717,?,,82112.597,0.528,0.545,4795.7,0.219,0.147,0.907,?
,,,2025-07-20T14:38:03.700429,0.193,0.237,0.689,,0.237,dc07beac-960a-4534-936d-0ac32e1178ed,0.77,0.023,17030.058,0.725,,0.433,351011.479,0.439,0.319,0.0.0,?,0.987,0.621,0.682
?,0.951,,2025-07-20T14:38:03.700675,0.118,0.003,0.726,0.866,0.518,c51253aa-2f09-4e2a-83de-038a7a96675a,0.68,0.233,10169.722,0.938,0.9,0.422,101883.62,0.472,0.752,3440.661,0.674,0.695,0.722,0.307
NaN,0.231,,2025-07-20T14:38:03.700998,0.061,NaN,0.562,0.436,NaN,722061e3-ff8a-4591-8b10-75f7a51b5854,0.848,?,8535.745,,0.353,,166149.602,0.911,0.587,142.192,0.924,0.631,0.0.0,0.0.0
0.278,NaN,,2025-07-20T14:38:03.701276,0.175,0.064,0.624,0.875,?,49a8b0ed-a3d0-4db9-8e2a-d88f2835f2cf,0.403,0.128,1484.457,0.935,0.418,0.35,40860.181,0.416,,3776.612,0.346,0.309,0.474,0.868
0.156,0.559,,2025-07-20T14:38:03.701634,0.146,0.117,0.796,0.538,0.57,dac32ded-6f31-48b7-a0d6-67918bbb5ed1,0.613,0.211,7743.46,0.488,0.48,0.465,366356.926,0.727,0.832,1377.246,0.32,0.686,0.0.0,NaN
0.046,0.318,,2025-07-20T14:38:03.702364,0.043,0.024,0.834,0.568,0.886,4fc2ca0a-3c05-4717-a064-9e6ed651a04b,0.791,0.276,1716.215,0.743,0.601,0.275,211294.668,0.566,0.253,0.0.0,0.753,0.808,0.623,?
,,,2025-07-20T14:38:03.703033,0.191,0.131,0.0.0,0.752,0.814,ab08eccd-0761-4b6f-b6dc-43e53990229a,0.908,0.17,NaN,0.957,0.431,0.097,735942.893,0.53,,4212.486,0.748,0.815,0.781,0.769
?,0.427,,2025-07-20T14:38:03.703344,0.156,0.297,0.704,0.74,?,3f112fa4-429e-42ed-beb7-fc120254ace0,0.92,0.046,16438.802,0.716,0.141,0.118,805341.942,0.433,0.947,4676.423,0.488,0.521,0.447,0.486
?,0.961,,2025-07-20T14:38:03.703542,0.169,0.224,0.827,0.407,0.524,3da7ddc1-6d67-4bdd-bb8f-df31a66d31f7,,0.186,15040.842,0.462,NaN,0.078,528552.551,0.866,0.634,822.798,0.266,0.618,0.879,0.734
,,,2025-07-20T14:38:03.703743,0.007,0.025,0.878,?,0.718,1bf0e67c-b2ec-4f8d-ae02-ed7f93bef404,0.675,0.122,,0.444,0.529,0.114,263955.628,0.586,0.341,NaN,0.986,0.7,0.436,0.933
0.296,0.739,,2025-07-20T14:38:03.704014,0.115,0.169,NaN,0.576,0.36,f847b966-8035-4d70-ae44-7d655d4d4822,0.38,0.117,4513.781,0.455,0.921,?,779407.424,0.533,0.381,1661.067,0.855,0.348,0.986,0.771
0.065,0.871,,2025-07-20T14:38:03.704214,0.017,0.013,,0.789,0.217,5ccee1e5-8659-4038-81c4-b59bca0c7ca6,0.423,0.286,0.0.0,0.425,0.133,0.333,369935.425,0.908,0.643,2130.542,,0.247,0.595,0.786
0.239,0.463,unexpected,2025-07-20T14:38:03.704454,0.2,0.269,0.817,0.783,0.721,cf00624e-3492-426f-8b3e-719550d4a995,0.327,0.262,3885.67,0.308,0.334,0.47,390916.984,0.47,0.0.0,2877.786,0.663,0.453,,0.645
0.186,,,2025-07-20T14:38:03.704659,0.01,0.269,0.826,0.643,0.877,6f833ec2-a046-4591-b634-a7bee55bb9cf,0.694,0.043,2890.829,0.866,0.299,0.197,NaN,0.446,0.585,929.227,0.82,0.666,0.483,0.662
0.265,0.799,,2025-07-20T14:38:03.704859,0.195,0.277,0.524,0.773,0.999,ca2d00fb-9e8d-4968-b3a7-230956b4bb12,0.516,0.198,17590.866,,0.707,0.282,11439.36,0.738,0.882,2233.905,0.6,0.365,0.905,0.825
0.067,0.97,,2025-07-20T14:38:03.705116,,0.288,0.785,0.805,0.622,a69bae5b-b9b9-4c9a-970d-d13839dac212,0.338,0.161,539.596,0.684,0.585,0.154,0.0.0,0.474,0.624,,0.232,0.181,0.876,0.67
0.096,0.803,,2025-07-20T14:38:03.705373,0.024,0.276,0.857,0.546,0.902,fd070e29-6d5c-4a62-adc9-db8e7c3c0459,0.597,0.266,,0.543,0.383,0.32,186433.55,0.68,0.862,193.815,0.342,0.133,0.334,0.763
0.132,0.367,,2025-07-20T14:38:03.705556,0.058,0.263,0.969,NaN,0.459,a5744d05-1109-42ae-a261-77536b5c9599,0.726,0.077,17522.441,0.798,0.194,0.348,521322.421,0.559,0.949,2882.344,0.217,0.577,0.473,0.468
0.164,0.856,unexpected,2025-07-20T14:38:03.705793,0.107,0.258,0.893,0.55,,580ef8ed-2cd1-463c-a26a-ae20f549012e,0.771,,,0.47,0.21,0.138,932534.079,0.982,0.169,2237.104,0.997,0.627,0.427,0.335
0.291,?,,2025-07-20T14:38:03.706196,0.071,0.025,0.641,0.435,0.607,74414a0d-56ec-4480-88ad-441a0f715643,?,NaN,4580.633,0.868,0.745,0.189,?,0.63,0.899,2902.514,0.303,0.222,0.786,0.472
0.276,,,2025-07-20T14:38:03.706489,0.012,0.102,0.752,?,0.347,4dac715e-a5f0-45fb-9372-7f85e3cc35a9,0.357,0.208,9094.759,0.933,0.725,0.478,46808.175,0.988,0.53,,,0.839,0.614,
0.065,0.991,,2025-07-20T14:38:03.706743,0.01,0.125,0.619,,0.245,c6aae260-47a8-4a40-8b20-3b4ac05159e3,0.551,0.056,8100.389,0.786,0.949,0.384,859213.538,0.616,0.729,4369.796,NaN,0.27,0.954,0.361
0.223,0.644,unexpected,2025-07-20T14:38:03.707013,0.029,0.158,0.948,,0.234,60220159-6e78-42b4-ba3c-1e2fff145666,0.327,0.269,12173.777,0.479,0.951,0.101,860063.682,0.618,0.581,2454.894,0.584,0.322,0.316,NaN
0.28,0.692,,2025-07-20T14:38:03.707327,?,NaN,0.9,0.828,0.489,0f6ac963-f3f1-4af9-adf7-a1bb815bad68,0.632,0.059,15722.098,0.895,0.381,0.053,885670.405,0.929,0.309,4653.45,0.411,NaN,0.601,0.836
0.186,0.964,,2025-07-20T14:38:03.707544,0.111,0.117,0.579,0.593,,f472c762-6a3e-42dd-a48b-ac40ee8b9f8f,0.556,NaN,3325.627,0.629,0.894,0.49,39316.374,0.0.0,0.709,2884.738,0.595,?,0.792,0.77
0.073,0.497,,2025-07-20T14:38:03.707861,0.043,0.186,0.587,0.495,0.808,dcb4f54d-1eb3-4a29-92fb-b1f114da79ed,0.746,0.016,17694.031,0.823,0.232,0.016,521410.197,0.54,0.123,1511.247,0.328,0.566,0.855,0.667
,?,,2025-07-20T14:38:03.708162,0.043,0.269,0.714,0.989,0.57,16735f63-3353-474c-b570-1879cb470e08,0.581,0.089,13352.486,0.873,0.638,0.406,50827.147,0.658,0.863,1015.259,0.291,0.0.0,0.0.0,0.91
0.086,0.42,,2025-07-20T14:38:03.708344,0.034,0.23,0.811,NaN,0.489,7c128c3c-afd3-491d-b4c0-a03326a22c28,0.509,0.221,0.0.0,0.779,0.537,0.267,432437.119,0.863,0.371,3093.206,0.761,0.68,0.959,0.976
0.138,0.41,,2025-07-20T14:38:03.708591,0.101,0.283,0.911,0.628,0.238,432730cc-9e64-472a-a10b-1d6362b78ff5,0.603,0.168,4272.175,0.597,0.25,0.185,427282.757,0.755,0.433,3015.033,0.34,,,0.535
0.153,0.903,,2025-07-20T14:38:03.708820,0.02,?,0.835,0.632,0.723,3a59213c-8241-489a-8d66-c169712cbeea,0.961,0.126,16304.846,,0.812,0.046,NaN,0.597,0.93,889.979,0.432,0.468,0.323,0.472
?,0.856,,2025-07-20T14:38:03.709121,0.009,0.273,0.626,NaN,0.261,9d3cd4e8-6a56-44ca-b1cf-0737203dbea3,0.878,0.052,4711.135,0.751,0.434,0.098,86112.964,,0.593,1451.616,0.98,0.739,0.506,0.767
0.064,0.279,,2025-07-20T14:38:03.709434,0.012,0.063,0.607,0.997,0.282,16cce27e-47cd-436b-9da2-09bb413ae128,0.86,0.146,13016.543,,,0.175,591635.057,0.838,0.813,,0.507,0.993,0.331,0.952
0.262,0.972,,2025-07-20T14:38:03.709599,0.055,0.072,0.57,0.528,0.468,bbbfa648-c404-48d3-8e43-337af54ab446,0.341,,7021.672,0.49,0.686,0.0.0,732973.166,NaN,0.496,211.042,0.794,0.547,,0.861
,0.806,,2025-07-20T14:38:03.709872,0.168,0.039,0.932,,0.774,0ce31693-d789-498d-8ccb-e7a221fd1a73,0.722,0.174,2685.669,0.94,0.955,0.281,807327.145,0.71,0.413,0.0.0,0.554,0.856,0.762,0.434
0.177,0.905,,2025-07-20T14:38:03.710206,0.104,0.107,0.598,0.791,0.385,3b4b3cac-d996-4ec5-8628-333c762738f0,0.961,0.0.0,4388.648,0.655,0.517,0.414,601429.01,0.741,NaN,,0.517,0.745,0.444,0.631
0.013,0.57,,2025-07-20T14:38:03.710469,0.039,0.177,0.76,0.576,0.845,d1bfd78d-fc9b-4377-8a27-5d2038beff87,0.472,0.126,19467.581,0.942,0.314,0.426,,0.977,0.435,0.0.0,0.804,0.104,0.476,0.946
0.244,0.666,unexpected,2025-07-20T14:38:03.710771,0.143,0.221,0.98,0.824,0.0.0,cf640d4c-b2d8-41f4-9b73-b83807951dac,0.731,0.207,4124.715,0.935,,0.083,877575.405,NaN,NaN,3863.601,0.252,0.188,0.428,0.997
0.039,0.892,,2025-07-20T14:38:03.711028,0.15,0.209,0.699,0.783,0.393,e75eb2ce-afff-422a-a10d-660efeabd17c,0.587,0.107,4175.889,0.991,0.292,0.255,531955.741,0.431,0.461,0.0.0,0.584,0.0.0,0.79,0.801
0.248,0.873,,2025-07-20T14:38:03.711225,0.12,0.08,0.628,0.687,0.28,901df46e-cd0e-4c4e-b50a-94881707040a,0.381,0.105,,0.943,0.511,0.397,213578.748,0.779,0.961,2240.463,0.231,0.946,0.528,0.852
0.185,,,2025-07-20T14:38:03.711504,0.017,0.087,0.87,0.934,0.333,98495c27-3234-4507-9025-91343ed6c7da,0.314,0.156,NaN,0.604,,0.162,293983.055,0.757,0.608,3710.239,0.22,0.844,0.799,0.48
0.211,0.747,,2025-07-20T14:38:03.711749,0.023,0.111,0.552,0.4,0.592,26a47a1d-6320-4294-b936-b8431c8951af,NaN,0.163,7671.684,,0.759,0.45,12634.035,0.701,0.17,577.206,0.68,0.651,0.31,0.994
0.076,?,,2025-07-20T14:38:03.711941,0.182,0.125,0.0.0,?,0.966,4d5457fd-9c98-4f4d-a635-34e3c7282a8c,0.709,0.29,11853.063,0.463,0.66,0.487,956949.622,,0.647,274.536,0.82,0.971,0.514,0.751
0.155,0.356,,2025-07-20T14:38:03.712185,0.032,0.23,0.842,0.917,0.633,08a4d736-18af-40a6-ae1e-a72c849e43fa,0.782,,12362.395,?,,0.053,?,0.505,0.314,3247.956,0.325,,0.554,0.652
0.124,0.299,,2025-07-20T14:38:03.712377,0.136,0.205,0.601,0.508,0.388,61740ad0-1fd7-49cb-b577-a7b00d8d4a53,0.398,0.142,10989.435,0.408,,0.43,888212.932,0.574,0.161,3714.983,0.904,0.921,0.603,0.472
0.055,0.333,,2025-07-20T14:38:03.712538,0.152,0.024,0.815,0.769,,7a2bf877-8f72-42f3-86f9-a4976e5936c7,0.834,0.247,NaN,,0.614,0.498,908013.876,0.754,0.974,4052.142,0.662,0.971,0.688,0.432
0.152,NaN,,2025-07-20T14:38:03.712840,0.026,0.103,0.535,0.791,0.471,52684ac6-dc2b-4e7d-8733-02c1a40967ca,0.645,0.059,19164.338,0.486,0.325,0.183,,0.0.0,?,2590.137,,0.885,0.981,0.396
0.189,0.52,,2025-07-20T14:38:03.713066,NaN,0.25,,0.585,0.917,31b78295-0303-4c0e-b982-d55111d6d08f,0.604,0.198,10480.291,0.961,0.554,,133481.258,0.998,0.248,3191.668,0.489,0.642,0.846,NaN
0.031,0.846,,2025-07-20T14:38:03.713266,0.048,NaN,0.855,0.458,0.904,17e08138-ceaa-4354-9c57-68fc2b990455,0.727,0.113,4404.197,?,0.548,0.067,63583.834,0.579,0.107,4285.207,0.722,0.105,0.466,0.893
0.06,0.422,,2025-07-20T14:38:03.713500,0.023,0.147,0.0.0,0.412,0.812,e4bf6ce6-17d1-4a81-b23d-304070fd3b91,0.587,0.255,11995.602,0.993,0.121,0.108,674732.371,0.735,0.508,2014.084,0.492,0.768,0.343,0.831
?,0.43,,2025-07-20T14:38:03.713756,0.011,0.252,0.721,0.446,0.859,d778d445-c5d6-418b-9dcb-5c817ffa563b,?,0.253,9863.603,0.936,0.18,0.195,763752.304,0.944,0.104,4230.801,0.587,0.498,0.368,0.39
0.064,0.455,,2025-07-20T14:38:03.713989,0.089,0.23,0.759,0.612,0.921,6e1eb8a4-56b4-4aca-bb3f-5604ff407bc3,,,,0.32,0.702,0.477,NaN,0.0.0,,954.176,0.553,0.493,,0.597
,0.768,,2025-07-20T14:38:03.714189,0.02,0.0.0,0.934,0.638,0.613,ba0ab34a-8186-448b-939e-54a2d45fcea1,NaN,0.253,12215.557,0.865,0.152,0.326,59927.865,0.525,0.404,3385.043,0.476,0.135,0.535,?
0.126,0.22,,2025-07-20T14:38:03.714395,?,0.153,0.907,0.954,,20f29ae2-066e-4fec-ae31-1424833bb7a1,0.98,0.174,3387.243,0.97,,0.228,?,0.526,,0.0.0,0.51,0.373,0.443,0.778
0.216,0.219,,2025-07-20T14:38:03.714691,0.175,,0.795,?,0.396,01692f40-df5b-4451-b0a3-78833f770f30,0.548,0.169,14126.254,0.359,0.328,0.0.0,,0.887,0.17,3677.139,0.885,0.693,0.413,0.899
0.054,0.433,,2025-07-20T14:38:03.714883,0.092,0.274,0.669,0.588,0.364,5311c263-50d0-4fb4-8f3b-75cebf4fd862,0.372,0.178,6114.771,0.912,0.541,0.244,972541.709,0.705,0.942,3991.031,,0.981,0.974,0.955
0.0.0,0.416,,2025-07-20T14:38:03.715067,0.121,0.228,0.66,0.822,0.541,5e87b9fa-cb8a-4f0e-922d-365999863bac,0.51,0.274,16550.259,0.914,0.886,0.229,45293.167,0.674,0.704,4469.87,0.8,0.571,0.449,0.522
0.105,0.377,,2025-07-20T14:38:03.715390,,0.077,0.866,0.55,0.686,2ae787ee-f16f-4798-8671-70e527f7ac46,,0.11,8723.992,0.55,0.704,0.403,31433.758,0.517,0.156,3491.22,0.292,0.188,0.491,0.838
0.096,0.659,,2025-07-20T14:38:03.715675,0.021,0.295,NaN,0.881,0.225,3aca4b64-b196-42dd-babf-53c0e4dfcc3d,0.669,?,12090.847,0.991,0.937,0.158,383130.731,0.775,NaN,?,0.803,0.689,0.577,0.525
0.275,NaN,,2025-07-20T14:38:03.715892,0.175,0.299,0.764,0.989,0.24,c07bf904-5ecd-45ed-bfbe-f6fa9272d4c7,0.823,0.142,16466.6,,0.505,NaN,755825.605,0.525,0.356,295.668,0.397,NaN,0.691,0.577
0.231,0.976,,2025-07-20T14:38:03.716073,0.174,0.233,0.895,,0.468,ba3f4aae-8219-44dd-87bb-11c7afdefca6,0.307,0.288,10876.634,0.606,?,0.357,106738.594,0.79,0.169,1906.505,0.318,0.521,0.536,0.423
0.04,0.222,,2025-07-20T14:38:03.716318,0.002,0.219,0.781,0.517,0.303,c0e3c74b-d061-437f-9f7b-36a79fc3d1a3,0.804,0.067,15261.496,0.663,,0.002,207559.271,NaN,0.12,1671.496,0.0.0,0.361,0.964,0.727
0.226,0.368,,2025-07-20T14:38:03.716550,0.133,0.088,0.744,0.577,0.856,ab08a5d2-1ce6-4d7b-9dbb-52321d2babe4,0.302,0.038,0.0.0,0.362,0.979,0.278,548266.255,0.41,,133.943,0.914,0.781,0.942,0.961
0.213,?,,2025-07-20T14:38:03.716819,0.073,,,0.837,0.514,b2d59fa6-0a2a-4b48-bd37-fd6851a30977,0.323,0.123,12097.232,0.998,0.842,0.219,9853.767,0.875,0.196,215.788,0.374,0.399,,0.577
0.118,0.529,,2025-07-20T14:38:03.717128,0.002,0.094,0.602,0.76,0.848,bc02a7e1-b791-4c2f-a2a3-74709183e41a,,0.267,8757.007,0.421,0.906,0.0.0,354698.345,0.94,0.76,1934.807,0.85,0.118,,0.841
0.298,0.902,unexpected,2025-07-20T14:38:03.717300,0.094,0.19,0.779,0.543,0.324,c90f11bc-8e87-4ddd-9c27-b948ce086d03,0.656,0.166,10416.642,0.834,0.862,0.097,60582.487,0.868,?,1721.696,0.243,0.857,0.356,0.595
0.108,0.584,unexpected,2025-07-20T14:38:03.717549,0.134,0.137,0.503,,0.973,06cde06c-f912-46fb-9b14-2154ec810922,,0.012,8940.801,0.633,0.404,0.024,0.0.0,0.991,NaN,3338.168,0.404,0.994,0.561,
0.062,0.967,,2025-07-20T14:38:03.717844,0.1,0.081,0.99,0.789,0.398,a6b5bfe1-b730-4da1-bc56-404bd6ffc292,0.766,0.045,15352.475,0.363,0.38,0.411,704326.675,0.667,0.198,3794.996,0.688,0.983,0.455,0.403
?,0.642,,2025-07-20T14:38:03.718024,0.0.0,0.148,0.568,0.863,,a1eb5f05-feec-4dba-b987-d2c979795be3,0.889,0.147,4853.872,0.783,?,,818111.108,0.726,0.885,4253.775,0.304,,0.895,0.639
0.156,0.323,,2025-07-20T14:38:03.718264,0.036,0.072,0.64,0.861,0.484,92017d8e-b50d-474e-b0b4-c729a006d1a8,0.412,0.287,,NaN,?,0.297,257529.593,0.923,0.6,3543.252,0.267,0.407,0.587,0.576
0.039,0.55,,2025-07-20T14:38:03.718467,0.053,0.255,0.666,0.641,0.783,544fa41a-0052-4ecb-a1c3-4131f2b8e148,0.475,0.297,,0.336,?,0.456,286656.974,0.874,0.781,4452.301,?,0.372,0.454,0.571
0.264,0.934,,2025-07-20T14:38:03.718706,0.053,0.13,0.689,0.852,0.392,807cb8a3-7350-4980-a28c-2e51f65ef865,0.795,0.089,1534.648,0.507,0.39,0.266,495255.453,0.609,0.504,2465.358,0.879,0.75,0.333,0.981
0.062,0.691,,2025-07-20T14:38:03.718890,0.009,0.199,NaN,0.629,0.301,79ffb303-779d-45c3-941a-d3bfaef650a0,0.506,0.106,?,0.572,0.366,0.239,318424.065,0.469,0.789,2279.766,0.694,0.733,0.695,NaN
0.182,0.346,unexpected,2025-07-20T14:38:03.719179,0.185,0.014,0.0.0,0.476,0.392,1a698c3a-399b-4072-8ce8-0c3bb90e3ba7,0.954,0.228,16355.523,0.812,,0.087,530587.15,0.644,0.659,188.195,0.39,0.519,0.371,0.0.0
0.056,0.574,,2025-07-20T14:38:03.719529,0.138,0.213,,0.626,0.387,3059f5f8-eff3-4139-9bfc-ce378559d80b,0.42,0.178,13125.446,0.351,0.377,0.439,,0.0.0,0.407,1977.516,0.426,0.76,0.984,?
0.018,0.302,,2025-07-20T14:38:03.719815,0.166,0.162,0.988,0.677,0.382,671dc9c6-ac46-41d9-88d4-5cf8baa2d929,NaN,0.0.0,13093.299,0.349,0.281,0.32,557419.498,0.496,0.889,NaN,NaN,0.251,0.357,0.463
0.147,0.484,,2025-07-20T14:38:03.720165,0.124,0.156,0.549,0.905,0.912,cd55280d-1c87-418a-858a-d835666acdaf,0.705,,NaN,?,0.162,0.069,467423.906,0.893,0.998,1293.668,0.319,,0.621,0.969
0.201,0.404,,2025-07-20T14:38:03.720450,0.123,0.19,,0.612,0.269,1ccf23b6-6810-4f84-b4a1-c6361b147c68,0.342,0.035,5982.299,0.784,0.558,0.0.0,0.0.0,0.571,0.649,473.969,0.244,0.782,0.759,NaN
0.041,?,,2025-07-20T14:38:03.720638,0.141,0.083,NaN,0.657,0.314,41ffcaab-b839-4a35-8bfc-9f9b741c4353,,0.048,,0.0.0,0.152,0.476,986763.409,0.927,0.951,1817.475,NaN,0.852,0.566,0.694
0.195,,,2025-07-20T14:38:03.720948,0.097,0.299,0.889,0.972,,66428920-f123-42a9-ab9c-a9f43ff407d4,0.634,0.112,2205.242,0.345,0.351,0.071,584165.054,0.603,0.864,3100.766,0.306,0.427,0.474,0.305
0.249,0.833,unexpected,2025-07-20T14:38:03.721168,0.163,0.222,0.861,0.443,0.303,baa77010-911e-4d89-be53-f47a5789fc69,0.75,0.287,12085.552,0.548,0.467,0.4,,0.461,0.59,4095.151,?,0.0.0,0.35,0.485
,0.85,,2025-07-20T14:38:03.721334,0.16,0.108,0.0.0,NaN,NaN,24c0cd9a-9b91-474d-925f-82d0dcd8c0a2,0.66,0.028,7558.897,0.965,,0.2,435865.28,0.836,0.604,1076.411,0.869,0.358,0.68,0.646
0.116,0.44,,2025-07-20T14:38:03.721582,0.08,0.033,0.889,0.461,0.679,b7591227-c48f-4045-a181-62340b088916,0.552,0.16,6521.93,0.939,0.984,0.466,217607.385,0.43,0.744,0.0.0,0.0.0,0.692,0.72,0.877
0.296,0.782,,2025-07-20T14:38:03.721877,0.031,0.188,?,0.886,0.36,cc857234-580a-40c8-a8e7-10a30a50ec3e,0.736,0.037,9636.065,0.393,0.225,0.444,211950.798,0.969,0.746,2111.764,0.869,0.118,0.989,
0.098,0.749,,2025-07-20T14:38:03.722051,0.159,0.182,0.528,0.849,0.421,f029f0bc-2429-454d-bf8c-47ebffdcc6ae,0.811,0.273,8456.691,,0.417,0.288,432265.619,0.684,0.351,2701.94,0.0.0,0.455,0.452,0.713
0.273,0.0.0,unexpected,2025-07-20T14:38:03.722321,0.002,0.083,0.754,0.605,0.676,ea966ccc-01d1-4a1b-a512-001c3cbce81c,0.967,0.134,,0.804,0.986,,910777.711,0.722,0.586,3159.212,0.0.0,0.368,0.558,0.497
0.277,0.737,,2025-07-20T14:38:03.722588,0.196,0.266,0.98,0.498,0.945,1276f2a3-74b5-47f2-ae5d-cb7508aeb00e,0.756,0.126,9698.833,0.908,0.767,0.423,847710.524,0.98,0.793,859.879,0.975,0.264,0.605,0.433
0.119,0.827,,2025-07-20T14:38:03.722825,0.152,0.06,0.896,0.747,0.333,aee77e25-7600-4a86-8c58-022229cb531a,0.546,0.053,11398.356,0.469,0.346,0.265,293447.342,0.865,0.975,2317.117,0.671,,0.608,?
NaN,0.655,,2025-07-20T14:38:03.723056,0.105,0.052,0.987,0.628,0.438,fb10f478-d42c-435b-865b-1f1f571abc10,0.999,0.027,12874.572,0.707,0.323,0.457,342130.635,0.579,0.912,3666.544,0.254,,0.498,0.542
0.193,NaN,,2025-07-20T14:38:03.723224,0.07,0.097,0.0.0,,0.949,316f2bdc-95c2-4740-8672-03886cf19e13,0.322,0.105,7182.869,,0.516,?,301614.314,,0.562,1026.897,0.556,0.671,0.718,0.313
0.231,0.252,,2025-07-20T14:38:03.723437,0.088,0.293,0.783,0.549,0.248,ac5dcf2a-9ef6-4732-b8fa-bcd9d7868e05,0.357,0.167,16079.568,0.552,0.443,0.041,0.0.0,0.599,0.699,1847.371,NaN,0.23,0.624,0.458
NaN,0.806,,2025-07-20T14:38:03.723641,NaN,0.159,0.514,0.763,0.206,44a3dbc8-c5b9-43ca-bfcc-dfb83dcbff6f,0.526,0.203,13604.989,0.904,0.691,0.209,301183.402,0.454,?,3266.311,0.618,,0.761,0.573
0.16,0.916,,2025-07-20T14:38:03.723882,0.107,0.28,0.67,0.665,0.887,23afec36-58d7-4b7f-ae94-30c24ea7f114,0.778,0.142,235.368,0.0.0,0.706,0.2,766400.398,0.572,0.836,1392.009,,0.98,0.894,?
0.054,0.572,,2025-07-20T14:38:03.724204,0.079,0.0.0,NaN,0.7,0.517,17ac137e-26b2-45d5-81b7-12e250f0a737,,0.084,4015.48,0.967,,NaN,856136.333,0.629,0.777,1096.384,0.565,0.599,0.981,0.783
0.147,0.58,,2025-07-20T14:38:03.724401,0.157,0.172,NaN,0.484,0.0.0,495f0aad-dded-470f-9813-91abc44ca717,0.593,0.219,19472.403,0.905,0.732,0.317,273365.766,0.967,0.777,523.955,0.608,0.531,0.457,0.87
0.082,0.357,,2025-07-20T14:38:03.724683,0.187,0.214,0.941,0.902,0.388,0aca90cb-3846-4198-8af5-2a2bd47de5dd,0.429,0.273,11835.605,0.671,0.695,0.408,812340.267,0.564,0.977,2903.051,0.263,0.88,0.308,
0.156,0.586,,2025-07-20T14:38:03.724940,0.062,0.067,0.75,0.961,0.614,d3f752a3-b24a-426e-a10d-b201e7eaec94,0.562,0.158,278.241,0.0.0,0.494,0.027,334455.108,?,0.207,1891.482,0.867,0.301,0.587,0.766
0.185,NaN,,2025-07-20T14:38:03.725199,0.167,0.039,0.727,0.687,0.525,1589588e-a607-4668-bbe5-e840b7f2496e,0.785,0.287,2701.326,0.808,0.582,?,206441.929,0.745,0.426,3573.828,0.39,0.683,0.632,0.653
0.117,0.281,,2025-07-20T14:38:03.725455,?,0.182,0.526,0.949,0.997,6232f0a1-0620-4c20-8de3-bd1377fa2185,,0.257,0.0.0,0.704,,,235156.699,0.731,0.172,3186.797,0.26,0.612,0.957,0.0.0
NaN,0.207,,2025-07-20T14:38:03.725709,0.0.0,0.174,0.765,0.624,,f23ced6d-9e8a-4f29-8d8b-569da7e0b40e,0.716,0.044,6262.334,0.428,0.678,0.203,378984.528,0.798,0.878,1709.923,0.821,0.702,0.9,0.0.0
0.03,0.923,,2025-07-20T14:38:03.725886,0.174,,0.879,0.66,0.0.0,663efb92-9a74-45fa-8ffd-a0e911cd8ad4,0.696,0.247,6520.06,0.543,0.53,0.004,NaN,0.941,0.764,2795.056,0.757,0.427,0.694,
?,0.966,,2025-07-20T14:38:03.726118,0.161,0.122,0.762,0.58,0.517,9f521a3f-b740-45e6-b1d4-d98bb76eb436,0.882,0.143,13799.974,0.395,0.616,0.485,668737.873,0.836,0.165,1487.705,,,0.922,0.922
0.173,0.613,,2025-07-20T14:38:03.726347,0.1,0.173,0.687,?,,09c73929-0740-4e2b-a164-4a9b7752d8f0,0.996,0.047,?,0.381,NaN,0.117,954288.308,0.414,0.182,3660.409,0.465,0.447,0.559,0.539
0.182,0.89,,2025-07-20T14:38:03.726584,0.104,0.299,0.561,0.992,0.937,4735e5d7-e639-4248-9c90-cf058d96491f,0.754,0.0.0,8899.809,0.644,0.117,0.186,813351.01,0.742,,2932.449,0.936,0.999,0.822,0.928
0.07,0.307,,2025-07-20T14:38:03.726792,0.0.0,0.283,0.532,0.761,0.0.0,a0f2fe6a-cc1e-4da7-a8d7-1dc104d9afa7,0.749,0.293,2455.608,0.651,0.939,0.466,696898.755,0.96,0.77,3985.049,0.391,,0.775,0.934
NaN,NaN,,2025-07-20T14:38:03.727035,0.027,0.193,0.77,0.869,0.478,c26faa37-830e-4fdc-a2f1-f54ac98efc7c,0.925,0.149,,0.841,0.923,0.25,797893.273,0.765,0.167,1119.011,0.773,NaN,0.555,0.372
0.252,0.649,,2025-07-20T14:38:03.727294,0.151,0.147,0.62,0.827,NaN,335f45e0-c839-42bf-8b4f-dda388fbbf6f,0.541,0.192,?,,0.509,?,459513.259,0.688,0.171,3079.057,0.863,0.68,0.923,0.734
,0.487,,2025-07-20T14:38:03.727565,0.154,0.174,0.65,0.935,0.996,04673a3a-5ac0-41ab-b1a6-05a63095ffff,0.694,,16763.571,0.574,0.921,0.286,0.0.0,0.572,0.985,3330.365,0.336,0.719,0.358,0.864
0.279,0.968,,2025-07-20T14:38:03.727828,0.195,?,0.646,0.0.0,0.609,be7f6809-f4f9-423c-b034-e0bb93fa5474,NaN,0.271,19493.329,0.98,0.539,0.353,990909.674,0.528,0.338,1372.819,0.301,0.902,0.75,0.324
0.0.0,0.509,,2025-07-20T14:38:03.728112,0.104,,?,0.951,0.875,0b3b8316-df23-4d20-95c4-0fe935343253,,0.025,9314.593,0.937,0.895,0.117,333052.422,0.848,0.503,2260.199,0.986,0.795,0.949,0.501
,0.338,,2025-07-20T14:38:03.728369,0.163,0.123,,0.642,0.591,06298746-5d52-49ee-b160-6b72f7507061,0.542,0.19,2464.362,0.605,0.571,0.378,746554.602,0.524,0.0.0,842.064,0.421,0.177,0.491,0.618
0.177,0.636,,2025-07-20T14:38:03.728608,0.174,0.142,1,0.833,0.415,84dfc2e9-30c9-4059-b127-87f61f173843,0.506,0.202,10670.019,0.677,0.0.0,0.0.0,586617.875,0.701,NaN,4633.578,0.842,0.828,,0.532
0.237,0.741,,2025-07-20T14:38:03.728774,0.085,0.055,0.818,0.662,0.642,6b79eac2-9242-423e-9ce1-31e5ec477a95,0.881,0.268,18902.436,0.888,0.396,0.0.0,0.0.0,,0.722,1485.249,0.301,0.934,0.408,0.447
0.292,0.66,,2025-07-20T14:38:03.728954,?,0.179,0.514,,0.574,fe0ba7f3-fe76-4e75-b632-5b38d37b6806,,0.264,8588.653,0.696,0.268,0.301,351106.454,0.936,0.933,1445.236,,0.907,0.0.0,0.0.0
0.122,0.673,,2025-07-20T14:38:03.729130,0.042,0.251,0.829,,NaN,b260278a-be8a-4e49-8abf-297106ca74b6,0.979,0.066,1849.576,0.851,0.115,0.176,756135.201,0.445,0.835,633.507,0.339,0.337,0.311,?
0.174,0.325,,2025-07-20T14:38:03.729398,0.029,0.147,0.554,0.476,,d0327f8a-5e09-40b5-8b07-98b3ceb036ce,0.313,0.066,8837.7,0.954,0.664,0.009,476140.109,0.806,0.311,,0.743,0.341,0.698,0.593
0.168,0.607,,2025-07-20T14:38:03.729565,0.083,0.154,0.749,0.615,0.726,6f12eb06-0bcd-4d7c-afd9-b9a88a8f6103,0.869,0.153,11555.704,,NaN,0.063,194723.041,0.919,0.942,?,0.353,0.557,0.0.0,0.887
0.066,0.448,,2025-07-20T14:38:03.729791,0.027,0.267,0.863,0.977,0.572,f1a6dbfa-5ee9-4cf8-b6a3-7099b861f13b,,0.222,NaN,0.357,0.891,0.416,132845.575,0.486,0.42,960.784,0.996,,0.922,0.513
0.104,0.661,,2025-07-20T14:38:03.730111,0.01,0.051,0.824,0.868,,1d256829-5384-45f3-824e-e27c74a9c1b9,0.924,0.058,12381.103,0.45,0.921,0.315,589035.228,0.734,0.559,1161.434,0.583,0.841,0.642,NaN
0.208,0.994,,2025-07-20T14:38:03.730290,0.041,,0.94,0.922,0.601,f4b10eb3-5a1b-4445-859f-1453f397d479,0.561,0.161,10712.641,,0.853,0.48,?,0.448,0.629,4187.495,0.366,0.653,0.327,0.85
0.173,0.356,,2025-07-20T14:38:03.730497,?,0.272,0.0.0,0.915,0.695,dc172189-0260-422e-a5bd-1d451ca9a07a,,0.091,19248.883,0.554,0.921,0.109,287669.835,?,0.407,1058.792,?,,0.927,0.757
0.169,0.702,,2025-07-20T14:38:03.730711,0.141,0.082,0.702,0.661,0.571,b3d0d16c-84c5-4f78-85a5-549354a8d772,0.421,0.158,11544.558,0.384,0.0.0,0.258,109293.713,0.691,?,3067.565,,0.655,0.709,0.478
0.124,0.472,,2025-07-20T14:38:03.730967,0.02,?,0.818,0.869,0.412,ded96d59-0272-4f78-9ef2-ba20b55b6714,0.355,0.083,6473.486,0.532,,0.142,NaN,0.53,0.54,3109.489,,0.756,0.713,
0.046,0.44,,2025-07-20T14:38:03.731183,0.048,0.261,0.956,0.912,0.869,4028ab7e-20b2-4726-a6e4-4881b935aa41,0.977,0.195,13104.346,NaN,0.582,NaN,?,0.897,0.294,215.878,,0.354,0.593,0.863
0.245,0.449,,2025-07-20T14:38:03.731392,0.074,0.045,,,0.342,bd7d777d-3f15-4817-8a12-a204f83712bb,0.384,0.137,16174.013,0.452,0.442,0.0.0,9578.027,0.549,0.0.0,4883.027,0.413,0.686,0.534,0.919
0.221,0.751,,2025-07-20T14:38:03.731699,0.061,0.148,0.776,0.844,0.476,6047bb3a-b51c-4fcd-97d2-fcc9dc88e5ee,0.707,0.261,16947.43,0.764,0.418,0.384,855011.937,0.822,0.909,1387.293,0.864,0.91,0.466,0.488
NaN,0.733,,2025-07-20T14:38:03.731966,0.019,0.197,0.822,0.876,0.226,51fa2db9-6832-4059-8908-0bd221f51ada,0.307,0.081,,0.982,0.337,0.452,634833.691,0.599,0.405,1229.143,0.975,0.319,0.699,0.83
0.157,0.89,,2025-07-20T14:38:03.732135,0.082,?,,0.556,0.435,0a8affff-8e08-4013-88f4-db5030c8fad7,0.836,0.168,14682.358,0.925,0.988,0.056,,0.968,,0.0.0,0.63,0.692,0.694,
0.062,0.837,,2025-07-20T14:38:03.732417,,0.119,?,0.562,0.294,53ad2964-81c4-48c8-8f98-600b803e46d6,0.622,0.149,0.0.0,0.804,0.0.0,0.483,647263.328,0.956,0.732,2256.35,0.975,0.383,0.985,0.587
0.299,0.956,,2025-07-20T14:38:03.732748,0.071,0.017,0.661,0.689,0.53,bc173f0e-72de-47ed-afe1-e2f43a7cb6bb,0.0.0,0.13,11751.577,NaN,0.54,0.496,129103.043,0.0.0,0.92,504.769,0.487,0.691,0.857,0.655
0.225,0.488,unexpected,2025-07-20T14:38:03.733065,0.131,0.131,,0.511,0.848,74055d8e-635d-49d6-a97c-7341712910c8,0.966,0.11,15699.903,0.75,0.648,0.076,614989.682,0.908,0.886,4252.97,0.314,0.323,0.522,0.558
0.241,0.708,,2025-07-20T14:38:03.733339,0.198,0.08,?,0.411,0.598,6cd6a76a-de8c-47cb-8415-1e363f2f13a6,0.599,0.157,9350.957,0.919,,0.415,959015.605,0.872,0.767,2401.634,0.515,0.131,0.892,0.661
0.0.0,0.889,,2025-07-20T14:38:03.734003,0.096,0.264,0.562,0.752,0.204,c7ac3d32-5e9e-41e9-9054-a5dc35ef7e96,NaN,0.193,9211.146,0.671,0.597,0.248,138972.323,0.899,?,1664.565,0.222,0.746,0.462,0.88
,0.962,,2025-07-20T14:38:03.734850,0.108,0.235,0.989,,0.894,702e6df0-619a-4eb2-82a1-37a45fe35927,0.644,0.204,4531.623,0.318,0.648,0.339,666115.922,0.768,0.508,3293.366,0.376,0.676,0.0.0,
0.097,0.259,,2025-07-20T14:38:03.735512,0.061,0.167,0.941,0.638,0.968,f87bf228-8aa4-41f0-90bf-2334c5e707cd,0.737,0.208,?,?,0.744,0.178,739779.76,0.74,NaN,856.122,0.288,0.19,0.61,NaN
NaN,0.436,unexpected,2025-07-20T14:38:03.735908,,0.106,0.893,0.886,0.88,1dfb37d7-f388-4d8e-9a4b-b777f4851c24,0.77,0.273,3380.795,0.913,0.925,0.459,763812.554,0.473,NaN,4870.066,0.453,0.923,0.619,0.826
0.277,0.96,,2025-07-20T14:38:03.736257,0.108,0.066,0.695,0.962,0.452,8e7efba4-5787-430a-a4af-93edbad9a407,0.582,0.0.0,16937.294,0.423,,0.316,269841.836,0.425,0.616,316.387,0.334,0.613,0.516,0.647
0.277,0.447,,2025-07-20T14:38:03.736452,0.1,0.049,,0.731,0.567,d56b93f9-d329-45e4-a79a-e4bf7922ad7c,0.479,0.115,757.201,0.764,0.788,0.334,164229.052,0.988,0.279,3791.723,0.44,,0.914,NaN
NaN,0.548,,2025-07-20T14:38:03.736776,,NaN,0.674,0.981,0.81,88d8d86d-01e2-4a08-80f4-a9abea3e84f8,0.805,NaN,10753.56,0.902,0.645,0.194,634806.147,0.68,0.0.0,3176.294,0.424,0.138,0.335,0.734
0.154,0.409,,2025-07-20T14:38:03.737220,0.099,0.195,0.644,0.58,0.679,1200986d-d4ab-4391-819c-b62fe15cd20f,0.674,0.094,12142.323,0.647,0.859,0.333,463397.795,0.445,0.355,1979.885,0.843,0.439,0.813,0.444
0.287,,,2025-07-20T14:38:03.737417,0.089,0.26,0.596,0.664,,88fab9f8-d82c-49ae-90af-135eba0035d1,0.454,0.021,17188.819,,0.964,,211556.275,0.687,0.832,2933.044,0.73,0.489,0.919,0.0.0
0.211,0.534,unexpected,2025-07-20T14:38:03.737621,0.112,0.03,0.744,0.813,NaN,2e183374-a635-46d2-91f6-4b5cfed43959,0.874,0.017,4180.513,0.317,0.859,0.171,901151.508,0.639,?,1403.367,0.581,0.241,0.943,0.629
0.035,0.799,,2025-07-20T14:38:03.738087,?,0.008,0.61,,0.39,13de26c1-6351-47c6-a706-bd164908f702,0.394,0.217,13471.857,0.594,0.68,0.299,381663.113,0.775,0.114,340.429,0.221,0.219,0.719,0.659
0.0.0,0.0.0,,2025-07-20T14:38:03.738847,0.052,0.0.0,0.683,,0.97,3ebc82b4-d7ca-4725-9acb-c702f7e2fc0f,0.595,0.055,7225.643,0.755,0.467,0.347,951780.794,0.453,NaN,2204.273,0.237,0.0.0,0.532,0.989
0.076,0.471,,2025-07-20T14:38:03.739321,0.039,0.235,0.552,0.401,0.654,54eddd02-86ed-449e-84ad-5365bde9da60,0.472,0.166,16904.419,0.833,NaN,0.272,934131.846,0.482,0.406,3462.46,0.541,0.373,0.626,
NaN,0.956,unexpected,2025-07-20T14:38:03.739504,0.063,0.264,0.92,0.835,0.969,2768d812-69ad-449f-aca6-25c6bb1279ab,0.386,0.252,2462.843,0.743,0.237,0.126,,0.647,0.316,2535.166,0.68,0.146,0.957,0.422
0.1,0.0.0,,2025-07-20T14:38:03.739738,0.185,0.214,0.558,0.406,0.568,041a98a0-d650-4089-8bbb-5a9fd6a17ee3,0.697,0.171,2858.868,0.446,,0.249,349526.848,0.843,0.619,4496.94,0.352,0.25,0.549,?
0.118,?,,2025-07-20T14:38:03.740054,0.052,0.086,0.536,0.764,0.839,cba8f29e-a367-4e2f-a58e-01f05a42b948,0.902,0.137,17586.057,,0.641,0.457,232727.153,0.874,,953.738,0.857,NaN,0.642,0.671
0.283,0.878,,2025-07-20T14:38:03.740349,0.051,0.131,0.64,NaN,0.304,20d58ea0-2022-4b22-96a3-7934fa8ce539,0.674,0.062,11510.473,0.414,0.215,0.449,568232.489,0.674,0.72,4562.533,0.0.0,0.524,0.315,0.335
?,0.601,,2025-07-20T14:38:03.740547,0.078,0.279,0.791,,0.468,fdc816e1-7445-44e1-b2d1-1f4eef89310e,0.912,0.0.0,6725.056,0.619,0.907,0.009,54597.11,0.772,0.214,?,0.506,0.795,0.0.0,0.47
0.085,0.944,,2025-07-20T14:38:03.740972,0.194,0.216,0.836,0.442,0.838,667f2a79-aa2a-4322-83be-36b94272c6bb,0.559,0.212,3857.679,0.777,0.644,0.037,649263.392,0.571,0.524,4861.309,0.377,0.471,0.727,?
0.108,0.58,,2025-07-20T14:38:03.741214,0.081,0.222,0.713,0.989,0.225,a18dbee1-af9a-4dbf-92d7-789e79f8213a,0.597,0.093,15599.468,0.338,0.761,0.259,262938.171,0.925,0.332,1325.123,0.953,,0.569,0.508
0.053,NaN,,2025-07-20T14:38:03.741525,0.174,0.012,0.599,0.618,0.833,3b1d15db-ca8a-4949-bd9a-bf6c33b5a8de,0.0.0,0.076,10792.483,0.772,0.164,0.449,178603.627,0.855,0.78,2384.903,0.764,0.835,0.993,0.706
0.065,0.911,,2025-07-20T14:38:03.741951,0.12,0.075,,0.647,0.542,819e35c0-d864-428f-a7a4-9659cbd9ea13,0.344,0.116,14926.704,0.713,0.643,0.015,,0.774,0.436,NaN,0.821,?,0.746,0.475
0.102,0.933,,2025-07-20T14:38:03.742198,0.102,0.0.0,0.967,0.688,0.271,080ce44a-a8b6-42ff-8a8c-195207e47a3d,0.774,0.058,17545.2,0.664,0.748,0.342,249348.068,0.754,0.477,4719.486,0.647,0.782,0.441,0.883
0.118,0.964,,2025-07-20T14:38:03.742500,0.133,0.024,0.0.0,0.671,0.992,9df33518-e3fc-4509-ac4b-05c8fa317522,0.0.0,0.092,6093.876,0.73,0.199,0.449,331651.069,0.631,,?,,0.379,0.424,0.0.0
,0.796,unexpected,2025-07-20T14:38:03.742787,0.156,0.171,0.509,NaN,,215a6dce-9d7e-4f91-b6e7-f2dba171ceba,0.475,0.182,9703.74,0.915,0.397,0.13,980733.35,0.454,0.635,2161.567,0.974,0.953,0.726,NaN
0.111,?,,2025-07-20T14:38:03.743059,0.047,0.173,NaN,0.912,0.851,c3c4b1e3-4543-4e58-8b16-817809d0a552,0.338,0.243,9578.062,,0.646,0.276,327332.91,0.618,0.625,4641.549,0.522,0.843,0.656,0.372
0.213,0.649,,2025-07-20T14:38:03.743244,0.094,0.004,0.902,?,0.948,1e52e427-9ff2-495d-aca6-7e0fb65c04c3,0.83,0.061,,0.346,0.367,0.0.0,686572.107,0.75,0.699,1906.104,0.693,0.39,?,0.619
